job_link,job_title,company_name,company_location,salary,job_type,rating,job_description,searched_job,searched_location
https://www.indeed.com/rc/clk?jk=3a9047b41601ad11&fccid=ba07516c418dda52&vjs=3,"UX Researcher, Qualitative - Generative AI",Meta,"New York, NY",184500,Full-time,4.1,"Work closely with product and business teams to identify research topics.,Act as a thought leader in the domain of research, while advocating for the people who…",Generative AI,New York
https://www.indeed.com/rc/clk?jk=b1b60d57adfbb231&fccid=ba07516c418dda52&vjs=3,Fundamental Language Research Scientist - Generative AI,Meta,"New York, NY",173500,Not available,4.1,"Direct experience in responsible ,, , ,, and LLM research.,We are looking for recognized experts in responsible NLP, with experience in areas like…",Generative AI,New York
https://www.indeed.com/rc/clk?jk=a0f33cc71b1751dd&fccid=ba07516c418dda52&vjs=3,"Data Scientist, Product - Generative AI",Facebook App,"New York, NY",164000,Not available,4.1,"You will collaborate on a wide array of product and business problems with a diverse set of cross-functional partners across Product, Engineering, Research,…",Generative AI,New York
https://www.indeed.com/rc/clk?jk=ac4bbf72deed7e90&fccid=ba07516c418dda52&vjs=3,Product Designer - Generative AI,Meta,"New York, NY",158000,Not available,4.1,We utilize a full range of product design skills to contribute to high-level strategic decisions with the rest of the product and executive teams.,Generative AI,New York
https://www.indeed.com/rc/clk?jk=7f8e658852335ee7&fccid=ba07516c418dda52&vjs=3,"Director, Product Technical Program Management - Generative AI",Meta,"New York, NY",265000,Not available,4.1,"We are uniquely positioned to adopt an end-to-end approach to , , that few organizations can offer, through building breakthrough product experiences…",Generative AI,New York
https://www.indeed.com/rc/clk?jk=8843a95b5eb2fa59&fccid=ba07516c418dda52&vjs=3,Product Technical Program Manager - Generative AI,Meta,"New York, NY",226000,Not available,4.1,Product TPMs work at the cross-section between technical execution and business strategy and are expected to partner closely with Engineering and Product teams.,Generative AI,New York
https://www.indeed.com/rc/clk?jk=83f2d11be1c9e2aa&fccid=ba07516c418dda52&vjs=3,"Software Engineer, Product - Generative AI",Meta,"New York, NY",207000,Not available,4.1,"Full stack web/mobile application development with a variety of coding languages.,Create consumer products and features using internal programming language Hack…",Generative AI,New York
https://www.indeed.com/rc/clk?jk=faae7b1a531ff069&fccid=62c52ec5b3659e91&vjs=3,Equity Research Analyst (Generative AI),Needham & Company,"New York, NY",Not available,Not available,4,"The ideal candidate will have a minimum of 5 years of finance or industry experience in sectors that include: Machine Learning, Data Science, and Artificial…",Generative AI,New York
https://www.indeed.com/rc/clk?jk=97bfaa0dc619a04e&fccid=ba07516c418dda52&vjs=3,"Software Engineer, Machine Learning - Generative AI",Meta,"New York, NY",136000,Not available,4.1,"The ideal candidate will have industry experience working on a range of classification and optimization problems, e.g. payment fraud, click-through rate…",Generative AI,New York
https://www.indeed.com/rc/clk?jk=a1883817739740f1&fccid=1d7146bd38091a7a&vjs=3,Engineering Manager,Duolingo,"New York, NY",255250,Not available,4.1,"We rely on sophisticated in-house tools and new technologies such as , , and automated feedback systems to build learning content at scale.",Generative AI,New York
https://www.indeed.com/rc/clk?jk=3ef374dba7ac085a&fccid=1d7146bd38091a7a&vjs=3,Director of Product,Duolingo,"New York, NY",266500,Not available,4.1,"Be responsible for building AI-first learning features using , AI.,Drive strategy for a product or product area.",Generative AI,New York
https://www.indeed.com/rc/clk?jk=c1240bd1a72325c9&fccid=a5b4499d9e91a5c6&vjs=3,"Product Marketing Manager, Google Photos, Platforms and Ecosystems",Google,"New York, NY",Not available,Full-time,4.3,"Bachelor's degree or equivalent practical experience.,6 years of experience in marketing.,Knowledge of product marketing with a track record in launching…",Generative AI,New York
https://www.indeed.com/rc/clk?jk=db8f88bbae2107f2&fccid=30583c597533e1c2&vjs=3,KM & Innovation Legal Assistant,"Paul, Weiss, Rifkind, Wharton & Garrison LLP","New York, NY 10019",57500,Extended hours,4.1,"Continually work to improve the design and functioning of resources, including incorporating , artificial intelligence (AI) technologies and suggesting…",Generative AI,New York
https://www.indeed.com/rc/clk?jk=2f674be6f9d68eeb&fccid=5e964c4afc56b180&vjs=3,Digital Contact Solutions Manager,PRICE WATERHOUSE COOPERS,"New York, NY",178000,Not available,3.9,"We focus on a collection of organisational technology capabilities, including business intelligence, data management, and data assurance that help our clients…",Generative AI,New York
https://www.indeed.com/rc/clk?jk=ad67ee6299a2323c&fccid=1d7146bd38091a7a&vjs=3,Senior Director of Product,Duolingo,"New York, NY",258400,Not available,4.1,"Be responsible for building AI-first learning features using , AI.,Drive strategy for a product or product area.",Generative AI,New York
https://www.indeed.com/rc/clk?jk=30ab901a28d55d6d&fccid=16a97ed26c75bf2d&vjs=3,"Lead Software Engineer, VP - App Foundry Engineering (New York, NY)",Goldman Sachs,"New York, NY 10282",Not available,Full-time,3.9,"We are looking for a Lead Engineer for implementing and operating , , technologies applied to developer productivity e.g. GitHub Copilot, Amazon…",Generative AI,New York
https://www.indeed.com/rc/clk?jk=5a3ce6dfc3cd737e&fccid=30aa2c54dfe7480c&vjs=3,"Sr. Machine Learning Engineer, Content Discovery",Quizlet,"New York, NY",210000,Full-time,4.8,"While you are currently permitted to work remotely in New York and the San Francisco Bay Area, you must remain able to work in the office as business needs…",Generative AI,New York
https://www.indeed.com/rc/clk?jk=07ac710bd7b2d735&fccid=9784ae78e9834539&vjs=3,Senior Product Manager - Segmentation (Mailchimp),Intuit,"Hybrid remote in Brooklyn, NY 11238",149500,Not available,4.2,"Knowledge of how marketing campaigns work, including content generation as well as the potential applications of , , to these tasks.",Generative AI,New York
https://www.indeed.com/rc/clk?jk=5a51e1ea3b7efd5f&fccid=b716e44d2c6283e7&vjs=3,Global Head of Advanced Analytics & Automation,S&P Global,"New York, NY 10041",206750,Not available,3.9,"Experience with NLP platforms & familiarity with , , and Large Language Models (LLMs).,This role will be responsible for driving key automation &…",Generative AI,New York
https://www.indeed.com/rc/clk?jk=1aef27cadda2363f&fccid=1ae48412754511fd&vjs=3,"Director, Product Management",Annalect,"New York, NY 11211",144500,Not available,2.9,"Our advanced teams of product leaders, data scientists, consultants, and engineers enable us to meet the business goals of our internal and external clients.",Generative AI,New York
https://www.indeed.com/rc/clk?jk=0541ca3a7f475ceb&fccid=f3a36f726f745c17&vjs=3,"Business Intelligence Manager, Finance",Faire,"New York, NY",174500,Not available,4.2,"We are looking for an experienced Business Intelligence Data Manager to scale a critically important function responsible for building and maintaining systems,…",Generative AI,New York
https://www.indeed.com/rc/clk?jk=4042bf46f5ce74fc&fccid=28eefc5b86560831&vjs=3,Director-Data Scientist,Moody's,"New York, NY 10001",218625,Full-time,3.6,"Strong background in , ,, with a focus on large language models and natural language processing.,Conduct research in , ,, with a focus on…",Generative AI,New York
https://www.indeed.com/rc/clk?jk=3667f37558a0f319&fccid=d09448ca8fecea9f&vjs=3,Research Scientist (Computer Vision) - Remote,Reality Defender,"Hybrid remote in New York, NY",Not available,Full-time,Not available,"Propose and publish novel solutions to improve , , detection.,You’d work on product-oriented research for , image and video detection, and…",Generative AI,New York
https://www.indeed.com/rc/clk?jk=ac452cee0ed5b723&fccid=aaf3b433897ea465&vjs=3,"VP, Data Product Manager","JPMorgan Chase Bank, N.A.","Brooklyn, NY",164250,Full-time,3.8,"Act as a strategic advisor, taking a long view on the implementation of technologies such as cloud platforms, hyperscale data lake tools, , ,, and…",Generative AI,New York
https://www.indeed.com/rc/clk?jk=5ea3b1a4a3e66547&fccid=76e27e1f2b0497f5&vjs=3,Senior Clinical Analytics Consultant (Signals/Informatics),Revvity,"Remote in Albany, NY",Not available,Full-time,5,"The Senior Clinical Analytics Consultant in Revvity Signals Software, formerly Informatics PerkinElmer, will drive a high-performing team together with the CTL …",Generative AI,New York
https://www.indeed.com/rc/clk?cmp=Acunor-Infotech&ti=Competency+Leader+-+Generative+Ai&jk=3378806da7a21b0c&fccid=2b34938819ebd78b&vjs=3,Competency Leader - Generative AI,Acunor infotech,"Remote in Andes, NY 13731",210000,Full-time,Not available,"15+ years of experience in , ,, including hands-on experience with state-of-the-art , models and techniques.",Generative AI,New York
https://www.indeed.com/company/SPYSCAPE/jobs/Facilitator-02d9b94c9a8db8d0?fccid=6496e83f716416eb&vjs=3,AI Workshop Facilitator,SPYSCAPE,"New York, NY 10019",93600,Contract,2.6,"The , Workshop Facilitator will be responsible for hosting a weekly introductory session on , , tools at our HQ in midtown Manhattan.",Generative AI,New York
https://www.indeed.com/rc/clk?jk=9f2f3fa873fe7865&fccid=14a5422bd03f94b7&vjs=3,"AI Founder, Climate Tech",Forum Ventures,"Remote in Manhattan, NY 10001",109900,Not available,Not available,"Executing a winning GTM strategy to get you to 50-100K ARR, and the right MVP to ensure early traction.,A community full of mentors, peers, and leaders.",Generative AI,New York
https://www.indeed.com/rc/clk?jk=ed9fdc7617e6a307&fccid=4eacfef094c1e91a&vjs=3,AI Training for Ukrainian Writers,Scale AI,"Remote in New York, NY",37440,Choose your own hours,2.3,"Work on various writing in Ukrainian projects to train , , models.,Enrollment or completion of an undergraduate program in a humanities field or field…",Generative AI,New York
https://www.indeed.com/rc/clk?jk=1ea7b40f9479a041&fccid=dd616958bd9ddc12&vjs=3,AI Research Resident,Normal Computing Corporation,"Remote in New York, NY",Not available,Full-time,Not available,"Experience with modern , methods, such as probabilistic ML, Bayesian reasoning, sampling algorithms, and , , models.",Generative AI,New York
https://www.indeed.com/company/NLB-Technology-Services/jobs/Architect-37239ef53504b1ab?fccid=b3fc027da382dafc&vjs=3,AI Architect,NLB Technology Services,"Andes, NY 13731",141500,Full-time,Not available,"NOTE- Need candidate with , , models and Chatgpt experience.,May L1 Reject profile feedback helps - He has worked only with low code environment ,…",Generative AI,New York
https://www.indeed.com/rc/clk?jk=b2189044de432d88&fccid=37a7d9e7cd19aad7&vjs=3,"AI Scientist, Deep Learning",Absci,"Remote in New York, NY",165000,Not available,1.7,"Design, implement and evaluate cutting-edge , models for protein design.,Hands-on experience developing deep , models for language modeling or…",Generative AI,New York
https://www.indeed.com/company/Grand-Central-Ventures/jobs/Sales-Support-Representative-d961e08f3db3971a?fccid=b58ecd86db583214&vjs=3,"Legal AI Writer, Sales, and Client Support (mostly remote)",CereBel Legal Intelligence,"Remote in New York, NY",50876.5,Part-time,Not available,"We deliver easy-to-use cloud software that generates Deposition Reports, produces Document Summaries, and enables highly accurate Natural Language Searches of…",Generative AI,New York
https://www.indeed.com/rc/clk?jk=85310c44fc086580&fccid=ef706d6bb1254bcf&vjs=3,Sr. Engineering Manager - AI & Search Platform,AlphaSense,"New York, NY 10003",225000,Not available,3.3,"An advanced degree in Computer Science or related fields.,Strong technical leadership in a cross-functional and distributed team environment.",Generative AI,New York
https://www.indeed.com/rc/clk?jk=29c6029269c54297&fccid=c00dc99fac49dfcf&vjs=3,Data Analyst,Simulmedia,"New York, NY 10012",94100,Full-time,3.3,"Enthusiasm for , ,, large language models (LLMs), and conversational interfaces.,Explore and integrate , , technologies, such as GPT4, to…",Generative AI,New York
https://www.indeed.com/rc/clk?jk=216d700c5385ecfc&fccid=521ca7ccc49e32d5&vjs=3,AI Engineer 2023-5-24,Kasisto,"New York, NY 10010",161000,Not available,4.5,"Kasisto is the leader in conversational , for financial institutions, with a mission to humanize digital experiences.,What you need for this position.",Generative AI,New York
https://www.indeed.com/rc/clk?jk=5dfb7f0c71f600cb&fccid=e5b5c289543e7bff&vjs=3,"Enterprise Sales Executive, BFSI",SambaNova Systems,"Remote in New York, NY",170000,Not available,Not available,"This individual will be responsible for the large regional Financial Services companies in the East and Southeast, as well as the leading Insurance companies…",Generative AI,New York
https://www.indeed.com/rc/clk?jk=cbf11459f5469d73&fccid=5c80575a010bbc63&vjs=3,Legal Operations Analyst,MongoDB,"Remote in New York, NY 10019",92100,Full-time,3.6,"In this role, you'll be responsible for growing the legal operations function, including developing processes and implementing solutions to improve the day-to…",Generative AI,New York
https://www.indeed.com/rc/clk?jk=1aad19a227a68708&fccid=cee0e623e5fa16cf&vjs=3,"Applied Scientist, Machine Learning",Captions,"New York, NY 10022",190000,Full-time,Not available,"Experience with deep learning models, including , and diffusion models.,Create models that shape the future of video software.",Generative AI,New York
https://www.indeed.com/rc/clk?jk=6daefb10acd73172&fccid=3dca16b836aab3f7&vjs=3,Mid-Market Account Executive - New York,Aisera,"Remote in New York, NY",Not available,Not available,Not available,"Aisera is the , , space focused on creating a ChatGPT experience for Enterprise applications.,Aisera fast tracks the digital transformation journey…",Generative AI,New York
https://www.indeed.com/rc/clk?jk=58bf59a5e0269142&fccid=521ca7ccc49e32d5&vjs=3,Enterprise Account Executive,Kasisto,"Hybrid remote in New York, NY 10010",150000,Not available,4.5,"Our Digital Experience Platform, KAI, is designed to enable financial institutions to offer personalized and intelligent digital assistants to their consumers,…",Generative AI,New York
https://www.indeed.com/rc/clk?jk=b136a8b398c13476&fccid=78509d9530efbd99&vjs=3,VP of Data Science,SecurityScorecard,"Remote in New York, NY",199000,Not available,4.4,"The Head of Data Science is a leadership role responsible for developing and the ongoing operation of the company's tools, technologies, and technical solutions…",Generative AI,New York
https://www.indeed.com/rc/clk?jk=8d6dd8909099c0bc&fccid=3dca16b836aab3f7&vjs=3,Enterprise Account Executive - New York,Aisera,"Remote in New York, NY",Not available,Not available,Not available,"Aisera is the , , space focused on creating a ChatGPT experience for Enterprise applications.,Aisera fast tracks the digital transformation journey…",Generative AI,New York
https://www.indeed.com/company/Grand-Central-Ventures/jobs/Sales-3ac70b26d0111877?fccid=b58ecd86db583214&vjs=3,Legal Artificial Intelligence Sales,CereBel Legal Intelligence,"Hybrid remote in New York, NY 10016",75149.5,Part-time,Not available,"Develop and Execute Sales & Marketing program for start-up , Legal Software Venture.,CereBel Legal Intelligence is among the first dedicated Legal , software…",Generative AI,New York
https://www.indeed.com/rc/clk?jk=8ba1c3fadf26599c&fccid=44bb8d8a05c6f599&vjs=3,Research Engineer,Character.AI,"New York, NY",Not available,Full-time,4.2,"Experience with , models for various modalities.,We are looking for people with solid engineering and machine learning skills to drive the research…",Generative AI,New York
https://www.indeed.com/rc/clk?jk=8dc540c7e760e63a&fccid=521ca7ccc49e32d5&vjs=3,Sales Engineer,Kasisto,"Hybrid remote in New York, NY 10010",135000,Not available,4.5,"Kasisto is the leader in conversational , for financial institutions, with a mission to humanize digital experiences.",Generative AI,New York
https://www.indeed.com/rc/clk?jk=e4305e2dedc31a12&fccid=dd616958bd9ddc12&vjs=3,Senior ML Engineer,Normal Computing Corporation,"Hybrid remote in New York, NY",167500,Full-time,Not available,"You will work closely with our research scientists, data scientists, and software engineers to deliver high-quality solutions that meet the needs of our clients…",Generative AI,New York
https://www.indeed.com/rc/clk?jk=1728f6512d684e5f&fccid=464549299729088d&vjs=3,Principal Architect,CrossBorder Solutions,"Remote in New York, NY",205000,Not available,1.9,"We are seeking a visionary architect who will play a key role in shaping our architectural standards and best practices.,Knowledge of multiple AWS technologies.",Generative AI,New York
https://www.indeed.com/rc/clk?jk=1f891bc76b2c933e&fccid=09b53c9937eaa1f1&vjs=3,Sr. Backend Engineer,Runway,"Remote in New York, NY 10014",175000,Not available,3.9,"Our engineering team is highly collaborative and works on a wide variety of exciting challenges, including building backend services for interactive video…",Generative AI,New York
https://www.indeed.com/rc/clk?jk=afd79e6da5ad1c6f&fccid=dd616958bd9ddc12&vjs=3,Machine Learning Scientist,TandemAI Limited,"New York, NY",Not available,Not available,Not available,"Familiarity with modern deep learning architectures including CNN, RNN, Transformer, GCNN and MPNN, and machine learning paradigms such as , models,…",Generative AI,New York
https://www.indeed.com/rc/clk?jk=14d30cee8ffbabb9&fccid=521ca7ccc49e32d5&vjs=3,Senior Software Engineer 2023-5-31,Kasisto,"New York, NY 10010",166500,Not available,4.5,"Kasisto is the leader in conversational , for financial institutions, with a mission to humanize digital experiences.,5+ years Software Engineering experience.",Generative AI,New York
https://www.indeed.com/rc/clk?jk=bb91c0ca8c4440de&fccid=dd616958bd9ddc12&vjs=3,Senior Full-Stack Engineer,Normal Computing Corporation,"Hybrid remote in New York, NY",180000,Full-time,Not available,"You will be responsible for creating innovative, scalable, and high-performing software solutions that meet both the needs of our customers and the company's…",Generative AI,New York
https://www.indeed.com/rc/clk?jk=1f9f5bb5659b2933&fccid=7c3da355b67ba366&vjs=3,Senior Content Marketing Manager,Vic.ai,"Remote in New York, NY",Not available,Not available,Not available,"Familiarity with , , tools.,Vic.ai is seeking an experienced Sr. Content Marketing Manager who can spearhead Vic.ai's content creation.",Generative AI,New York
https://www.indeed.com/rc/clk?jk=eb5d84574af48b4f&fccid=e74e60a6463cc712&vjs=3,SDR Team Leader,Tymely,"New York, NY",58900,Full-time,Not available,"Tymely develops a , , solution (based on NLP) that automatically handles customer support emails end-to-end (e.g. “I’d like to exchange the size of my…",Generative AI,New York
https://www.indeed.com/rc/clk?jk=8b10bb99af707121&fccid=dd616958bd9ddc12&vjs=3,Senior/Staff ML Infra Engineer,Normal Computing Corporation,"Hybrid remote in New York, NY",191500,Full-time,Not available,"As an ML Infrastructure Engineer at Normal Computing, you will play a crucial role in shaping our full-stack , platform by designing, building, and maintaining…",Generative AI,New York
https://www.indeed.com/rc/clk?jk=cc9ca02e4c311b54&fccid=cccf779f6530a5d3&vjs=3,Solution Architect (NYC),Hyro,"New York, NY",155000,Full-time,Not available,"Hyro’s conversational , platform turns complex data into simple dialogue by leveraging the most exciting natural language understanding frontiers including…",Generative AI,New York
https://www.indeed.com/rc/clk?jk=9e8acde4433b08c4&fccid=3243257922dae709&vjs=3,Senior Director of Public Relations and Corporate Communications (USA REMOTE),"Turnitin, LLC","Remote in New York, NY",141000,Full-time,3.9,You will be responsible for developing and executing comprehensive public relations and corporate communication plans that align with our business objectives…,Generative AI,New York
https://www.indeed.com/rc/clk?jk=a064aaa177cf365d&fccid=55ebd28e88790c63&vjs=3,"Data Scientist, Generative AI",Scaleapi,"San Francisco, CA",122000,Full-time,Not available,"As a member of the data science team, you will lead the charge of building our data science infrastructure for Gen , products and driving insights that lead to…",Generative AI,California
https://www.indeed.com/rc/clk?jk=138c15751ba917fb&fccid=f368300325e8e8bc&vjs=3,"Technical Program Manager, Generative AI Personalization",Snapchat,"Los Angeles, CA 90291",212500,Full-time,3.7,We’re looking for a Technical Program Manager to develop and drive our Personalization Program which is all about building more of a personalized connection…,Generative AI,California
https://www.indeed.com/rc/clk?jk=a690c7dcc2ba9f85&fccid=caed318a9335aac0&vjs=3,"Research Scientist, Generative AI",TikTok,"San Jose, CA",170900,Not available,3.4,"Large-scale training, RLHF, and , AI.,Conduct cutting-edge research and development in computer vision and machine learning, especially in the areas of…",Generative AI,California
https://www.indeed.com/rc/clk?jk=794485a9597a8ff9&fccid=55ebd28e88790c63&vjs=3,"Staff Machine Learning Research Engineer, Generative AI",Scaleapi,"San Francisco, CA",Not available,Full-time,Not available,"Led a team of highly effective researchers and engineers.,Provide guidance, mentorship, and technical leadership to a team of researchers and engineers working…",Generative AI,California
https://www.indeed.com/rc/clk?jk=257c30c00f1a470f&fccid=a5b4499d9e91a5c6&vjs=3,"AI Research Scientist, Consumer Health Research",Google,"San Francisco, CA",Not available,Full-time,4.3,"Experience with transformers or , ,, computer vision, semi-supervised learning, transfer learning.,2 years of experience in machine learning and deep…",Generative AI,California
https://www.indeed.com/rc/clk?jk=7629ce9fe98329ab&fccid=f2ab4689def17626&vjs=3,Staff Software Engineer - Applied Machine Learning,Discord,"Remote in San Francisco, CA 94107",215500,Full-time,4.3,"We're looking for a highly technical and mission-driven Staff Machine Learning Engineer to leverage ML and , across our platform.",Generative AI,California
https://www.indeed.com/rc/clk?jk=605ecb4797c2e1d7&fccid=ba07516c418dda52&vjs=3,"UX Researcher, Qualitative - Generative AI",Meta,"Menlo Park, CA 94025",184500,Full-time,4.1,"Work closely with product and business teams to identify research topics.,Act as a thought leader in the domain of research, while advocating for the people who…",Generative AI,California
https://www.indeed.com/rc/clk?jk=733d3afcf9914436&fccid=c1099851e9794854&vjs=3,"Generative AI Applied Researcher - SIML, ISE",Apple,"Cupertino, CA",Not available,Not available,4.1,The team comprises domain experts in Computer Vision & Natural Language Processing (NLP) who contribute to a variety of shipping workflows you may already…,Generative AI,California
https://www.indeed.com/rc/clk?jk=af3f8f69ee2616f4&fccid=caed318a9335aac0&vjs=3,"Senior Research Scientist, Generative AI",TikTok,"San Jose, CA",233520,Not available,3.4,"Large-scale training, RLHF, and , AI.,Conduct cutting-edge research and development in computer vision and machine learning, especially in the areas of…",Generative AI,California
https://www.indeed.com/rc/clk?jk=887895ac64ede4c2&fccid=55ebd28e88790c63&vjs=3,"Fullstack Engineer, Generative AI",Scaleapi,"San Francisco, CA",118000,Full-time,Not available,"Have experience with , platforms and technologies, including , models and LLMs.,Own large new areas within our product.",Generative AI,California
https://www.indeed.com/rc/clk?jk=256ea1c7a329cef6&fccid=ba07516c418dda52&vjs=3,Fundamental Language Research Scientist - Generative AI,Meta,"Menlo Park, CA 94025",173500,Not available,4.1,"Direct experience in responsible ,, , ,, and LLM research.,We are looking for recognized experts in responsible NLP, with experience in areas like…",Generative AI,California
https://www.indeed.com/rc/clk?jk=3a32e24b624850b1&fccid=c267f29f0f85e8b8&vjs=3,Senior Technical Program Manager - AI Services and Omniverse Cloud,NVIDIA,"Santa Clara, CA",219750,Full-time,4.2,"As a key member of the Customer Program Management Team of NVIDIA's Enterprise business units, we are looking for a Senior Program Management professional who…",Generative AI,California
https://www.indeed.com/rc/clk?jk=7f4966f3bfebda92&fccid=ebe5a411bbe77da9&vjs=3,Head of Applied AI,Descript,"Remote in San Francisco, CA",230000,Not available,Not available,"Strong knowledge of deep learning (and ideally , models).,You'll be managing a talented team of , Researchers specialized in , models and…",Generative AI,California
https://www.indeed.com/rc/clk?jk=cf42373143c29cf5&fccid=c267f29f0f85e8b8&vjs=3,"Research Scientist, Generative AI Research - New College Grad",NVIDIA,"Santa Clara, CA",182825,Full-time,4.2,"Excellent knowledge of the theory and practice of , AI.,Research, design, and implement novel, large-scale , , methods.",Generative AI,California
https://www.indeed.com/rc/clk?jk=87819c7e73d8022f&fccid=ba07516c418dda52&vjs=3,Product Designer - Generative AI,Meta,"Menlo Park, CA 94025",158000,Not available,4.1,We utilize a full range of product design skills to contribute to high-level strategic decisions with the rest of the product and executive teams.,Generative AI,California
https://www.indeed.com/rc/clk?jk=08b2fe6c2c2be7fc&fccid=fe2d21eef233e94a&vjs=3,"Senior Product Manager, Tech, Personalization & Generative AI",Amazon.com Services LLC,"San Francisco, CA",121000,Full-time,3.5,"2+ years of end to end product delivery experience.,5+ years of technical product or program management experience.,Experience working on agile enabled teams.",Generative AI,California
https://www.indeed.com/rc/clk?jk=2a000d760650aa2f&fccid=ba07516c418dda52&vjs=3,"Data Scientist, Product - Generative AI",Facebook App,"Menlo Park, CA",164000,Not available,4.1,"You will collaborate on a wide array of product and business problems with a diverse set of cross-functional partners across Product, Engineering, Research,…",Generative AI,California
https://www.indeed.com/rc/clk?jk=1a7ec05d998c0e09&fccid=c1099851e9794854&vjs=3,"Proactive Intelligence, Applied Research Scientist — Generative AI",Apple,"Cupertino, CA",Not available,Not available,4.1,"The ideal candidate for this role will have industry experience working on a range of modeling problems e.g., Conversational Agents, Sequential Decision Making,…",Generative AI,California
https://www.indeed.com/rc/clk?jk=9213909ab1826de4&fccid=ba07516c418dda52&vjs=3,"Director, Product Technical Program Management - Generative AI",Meta,"Menlo Park, CA 94025",265000,Not available,4.1,"We are uniquely positioned to adopt an end-to-end approach to , , that few organizations can offer, through building breakthrough product experiences…",Generative AI,California
https://www.indeed.com/rc/clk?jk=16ffb054131a05b0&fccid=fe2d21eef233e94a&vjs=3,"Principal Product Manager - Tech, Personalization & Generative AI",Amazon.com Services LLC,"San Francisco, CA",144000,Full-time,3.5,"2+ years of end to end product delivery experience.,8+ years of technical product or program management experience.,Experience working on agile enabled teams.",Generative AI,California
https://www.indeed.com/rc/clk?jk=c27ef270c20f9c04&fccid=ba07516c418dda52&vjs=3,"Software Engineer, Machine Learning - Generative AI",Meta,"Menlo Park, CA 94025",172000,Not available,4.1,"We are uniquely positioned to adopt an end-to-end approach to , , that few organizations can offer, through building breakthrough product experiences…",Generative AI,California
https://www.indeed.com/rc/clk?jk=b3666e5cc8dcb89f&fccid=26727f1861532c63&vjs=3,Data Scientist - Entry Level,Lawrence Livermore National Laboratory,"Livermore, CA 94550",117951,Full-time,4.1,"Proficient experience with at least one of the following advanced ML concepts: Transfer Learning, distributed ML (data/model), ML operations, , models,…",Generative AI,California
https://www.indeed.com/rc/clk?jk=40641377779df9cc&fccid=c1099851e9794854&vjs=3,Machine Learning Engineer - Generative AI,Apple,"Cupertino, CA",Not available,Not available,4.1,"You will be leveraging innovative , models to build fundamental applications on top of Apple’s most advanced technologies, while developing your…",Generative AI,California
https://www.indeed.com/rc/clk?jk=cb9e1e6ca07b01b4&fccid=ba07516c418dda52&vjs=3,Product Technical Program Manager - Generative AI,Meta,"Menlo Park, CA 94025",226000,Not available,4.1,Product TPMs work at the cross-section between technical execution and business strategy and are expected to partner closely with Engineering and Product teams.,Generative AI,California
https://www.indeed.com/rc/clk?jk=4981f47ff46bda19&fccid=ba07516c418dda52&vjs=3,"Software Engineer, Product - Generative AI",Meta,"Menlo Park, CA 94025",136000,Not available,4.1,"Full stack web/mobile application development with a variety of coding languages.,Create consumer products and features using internal programming language Hack…",Generative AI,California
https://www.indeed.com/rc/clk?jk=e53f71f55b0846d5&fccid=c267f29f0f85e8b8&vjs=3,"Senior Deep Learning Software Engineer, AI",NVIDIA,"Santa Clara, CA",207125,Full-time,4.2,"As a member of our team, you will use your design abilities, coding expertise, and creativity to deliver a GPU-accelerated library used in NVIDIA products…",Generative AI,California
https://www.indeed.com/rc/clk?jk=51465135a149616f&fccid=c1099851e9794854&vjs=3,AI/ML Wireless Systems Engineer,Apple,"San Diego, CA",Not available,Not available,4.1,"You will work on defining system level concepts, proposing, and researching innovative ideas & algorithms, performing sophisticated system simulations, defining…",Generative AI,California
https://www.indeed.com/rc/clk?jk=5ae69a3005c21f62&fccid=f89deb5a97c7738a&vjs=3,Product Manager 5,Adobe,"San Jose, CA 95110",197500,Full-time,4.3,"Experience working with , AI.,In this role, you will drive the strategy, development, and successful implementation of partner integrations with our…",Generative AI,California
https://www.indeed.com/rc/clk?jk=233071f560bf1147&fccid=e89c1962acedb6a5&vjs=3,Senior Researcher,Tencent,"Palo Alto, CA 94306",167450,Full-time,4.4,"Responsible for the application and implementation of AIGC (generative ,) technology in the game field, such as NPC dialogue generation, game environment…",Generative AI,California
https://www.indeed.com/rc/clk?jk=5bdac441dc2c4853&fccid=c1099851e9794854&vjs=3,Visual Generative Modeling Research Engineer,Apple,"Cupertino, CA",Not available,Not available,4.1,"Responsibilities in the role will include training large scale , models in the visual domain on distributed backends, deployment of compact neural…",Generative AI,California
https://www.indeed.com/rc/clk?jk=ce47b7aafc30d245&fccid=c267f29f0f85e8b8&vjs=3,Data Scientist - Enterprise AI Consultant,NVIDIA,"Santa Clara, CA",207125,Full-time,4.2,A huge part of the day-to-day job is developing end-to-end Machine Learning and Deep Learning solutions for the Enterprise.,Generative AI,California
https://www.indeed.com/rc/clk?jk=1f99d81bac0b2bbb&fccid=c1099851e9794854&vjs=3,"Data Scientist - SIML, ISE",Apple,"Cupertino, CA",Not available,Full-time,4.1,"We are looking for an experienced data scientist who can help create and improve the datasets used in , , through solid understanding and usage of ML…",Generative AI,California
https://www.indeed.com/rc/clk?jk=3f2360cfb412bb5e&fccid=c267f29f0f85e8b8&vjs=3,"Senior Research Scientist, Generative AI",NVIDIA,"Santa Clara, CA",256750,Full-time,4.2,"Excellent knowledge of the theory and practice of , AI.,Research, design, and implement novel, large-scale , , methods.",Generative AI,California
https://www.indeed.com/rc/clk?jk=b574bfbf9b49bf9c&fccid=ba07516c418dda52&vjs=3,"Software Engineering Manager, AI and Machine Learning",Meta,"Menlo Park, CA 94025",207000,Not available,4.1,"Building cutting-edge , , systems and infrastructure capable of serving billions of Meta users everyday.,Drive roadmap creation and execution.",Generative AI,California
https://www.indeed.com/rc/clk?jk=ceffb23ec77b4f11&fccid=9784ae78e9834539&vjs=3,"Director, Intuit Academy",Intuit,"San Diego, CA 92129",138000,Not available,4.2,Our customers face a range of problems in their financial lives and seek human expertise for confidence in times of need.,Generative AI,California
https://www.indeed.com/rc/clk?jk=016da43548021f86&fccid=8f0d04a86e31340d&vjs=3,Technical Product Manager,Anthropic,"San Francisco, CA 94111",410000,Full-time,Not available,"We could collect feedback on human preferences, test how aligned our models are in practice, and be a shining example of responsible deployment of , to the…",Generative AI,California
https://www.indeed.com/rc/clk?jk=63f57f5a1a3d4f9a&fccid=7442885bc0fa7c14&vjs=3,"Staff Product Designer, AI/ML",ServiceNow,"Remote in Santa Clara, CA 95054",Not available,Full-time,3.7,"Our designers come from a diverse set of skills and background - design systems, visual, interaction, content, and product design.",Generative AI,California
https://www.indeed.com/rc/clk?jk=941ab47a04600109&fccid=dfc44f3b8c44a6db&vjs=3,AI Engineer Developer - 1403500,Cisco Systems,"Remote in San Jose, CA",157500,Full-time,4.1,"Design and implement end-to-end , , driven products Collaborate with multi-functional teams to identify and implement the most effective , AI…",Generative AI,California
https://www.indeed.com/rc/clk?jk=e73f128902a41ea4&fccid=81be80e07f930e93&vjs=3,"Lead, Product Marketing, Generative AI",C3 AI,"Redwood City, CA",208500,Not available,Not available,"The primary vehicle for , , capabilities will be showcased and delivered through application use cases.",Generative AI,California
https://www.indeed.com/rc/clk?jk=50b88613f4580d13&fccid=fe2d21eef233e94a&vjs=3,"Applied Scientist- Search Query Recommendation, Search Assistance",Amazon.com Services LLC,"Palo Alto, CA",136000,Full-time,3.5,"PhD, or Master's degree and 4+ years of CS, CE, ML or related field experience.,Experience in patents or publications at top-tier peer-reviewed conferences or…",Generative AI,California
https://www.indeed.com/rc/clk?jk=2b3aa39b855ac3b4&fccid=df32b9703d320daf&vjs=3,Frontend Engineer,BW Talent Solutions,"San Francisco, CA",160000,Full-time,Not available,"Full-time | On-site | San Francisco, CA | $140k - $180k | Competitive Equity.,We're seeking a highly motivated front-end engineer with a keen eye for detail and…",Generative AI,California
https://www.indeed.com/rc/clk?jk=1085657cfdf9577a&fccid=c267f29f0f85e8b8&vjs=3,"Senior Manager, Inception Program Management",NVIDIA,California,253250,Full-time,4.2,"NVIDIA is well positioned as the top ‘AI Computing Company’ delivering cloud ready solutions.,Candidate should have strong business competence with…",Generative AI,California
https://www.indeed.com/rc/clk?jk=eac219ee45789bf6&fccid=f89deb5a97c7738a&vjs=3,Sr. Director Security Engagement,Adobe,"San Jose, CA 95110",265000,Full-time,4.3,"In this role, which reports to the Chief Security Officer, you will lead a number of teams that tell the story of security both within and outside of Adobe and…",Generative AI,California
https://www.indeed.com/rc/clk?jk=574d1256f565c0fe&fccid=dfc44f3b8c44a6db&vjs=3,Principal AI Engineer (NLP) - Outshift,Cisco Systems,"San Jose, CA",194500,Full-time,4.1,"Design and implement end-to-end , , driven products and collaborate with multi-functional teams to identify and implement the most effective…",Generative AI,California
https://www.indeed.com/rc/clk?jk=a91ffc8e14433a8c&fccid=f89deb5a97c7738a&vjs=3,Vice President of Product and Software Security,Adobe,"San Jose, CA 95110",292950,Full-time,4.3,"In this role, which reports directly to the Chief Security Officer, you’ll lead our global Product and Software Security organization, which partners with…",Generative AI,California
https://www.indeed.com/rc/clk?jk=bb4dee778241895f&fccid=b7fade270cd13b4f&vjs=3,Senior/ Principal AI Research Scientist,BioMap Inc.,"Menlo Park, CA",Not available,Not available,Not available,"Familiar with equivariant graph neural network, large pre-trained language models, , models, and other algorithms.",Generative AI,California
https://www.indeed.com/rc/clk?jk=ee38188df367a49c&fccid=ba07516c418dda52&vjs=3,"Postdoctoral Researcher, Responsible AI (PhD)",Facebook App,"Menlo Park, CA",142000,Not available,4.1,"Experience developing , machine learning systems such as those for synthesizing photos, videos, text, or similar data.",Generative AI,California
https://www.indeed.com/rc/clk?jk=257afa40862aa843&fccid=ebe5a411bbe77da9&vjs=3,Applied Research Scientist,Descript,"Remote in San Francisco, CA",207500,Not available,Not available,"Oversee research process implementation, from problem definition all the way to running and analyzing concrete research experiments.",Generative AI,California
https://www.indeed.com/rc/clk?jk=9ed2165a9f4d3ac0&fccid=8f0d04a86e31340d&vjs=3,Product Counsel,Anthropic,"Hybrid remote in San Francisco, CA 94111",242500,Full-time,Not available,"Familiarity with machine learning, , models and products strongly preferred.,Deliver tailored advice and training to new hires working on AI/generative…",Generative AI,California
https://www.indeed.com/rc/clk?jk=524f30a4f763a7c7&fccid=93d7b1a61e6d6bd9&vjs=3,Legal Engineer,"Ironclad, Inc.","Remote in San Francisco, CA",115500,Full-time,Not available,"Every company, in every country, in every industry runs on contracts, but managing these contracts slows companies down and costs them millions of dollars.",Generative AI,California
https://www.indeed.com/rc/clk?jk=133aa6245e8aaa5b&fccid=d2776a31bd03907b&vjs=3,"2023 PhD Residency - AI/ML - LLMs, Computer Vision, Geo-spatial Data Analysis",Loon,"Mountain View, CA",123500,Internship,Not available,"Experience with machine learning systems, algorithms or applications such as: , ML, deep learning, computer vision, natural language processing,…",Generative AI,California
https://www.indeed.com/rc/clk?jk=7b6367a5c003fe97&fccid=86e9be6ce380173e&vjs=3,"Machine Learning Scientist, Autopilot Foundation Models",Tesla,"Palo Alto, CA",Not available,Full-time,3.4,"A track record of training large, complex models successfully, from dealing with infra issues and stabilizing large model training, to techniques for balancing…",Generative AI,California
https://www.indeed.com/rc/clk?jk=9e67b5eab4f6532a&fccid=3210d14120d44b10&vjs=3,Lead Applied AI/ML Scientist,Usable Machines,"Venice, CA 90291",Not available,Not available,Not available,"Minimum of 10 years of experience in , research with a strong focus on deep learning, , models, and large language models.",Generative AI,California
https://www.indeed.com/rc/clk?jk=a6191c240f75a634&fccid=0311449ba0473e75&vjs=3,Machine Learning Engineer,DeepMotion,"San Francisco Bay Area, CA",137000,Full-time,Not available,"Knowledge of transformers, diffusion models and multimodal discrimitive and , models.,We are looking for a machine learning engineer who can help us…",Generative AI,California
https://www.indeed.com/rc/clk?jk=0a2626d12b5bc051&fccid=30aa2c54dfe7480c&vjs=3,"Principal Product Manager, AI",Quizlet,"San Francisco, CA",240000,Full-time,4.8,"Experience with , , technologies such as GPT.,Analyze the potential impact of , , on students and teachers, identifying opportunities to…",Generative AI,California
https://www.indeed.com/rc/clk?jk=b9bf7cc5b0460cb8&fccid=55ebd28e88790c63&vjs=3,Business Data Analyst,Scaleapi,"San Francisco, CA",101950,Full-time,Not available,"As a data analyst, you will partner with leadership and teams from across the business—from finance to opeartions—to help unpack ambiguous problems and build…",Generative AI,California
https://www.indeed.com/rc/clk?jk=6189b7effb1fcc96&fccid=f368300325e8e8bc&vjs=3,"Research Scientist, Natural Language Processing",Snapchat,"Los Angeles, CA 90291",181000,Full-time,3.7,"Work on large-scale language models and multimodal , projects.,Lead and execute a multi-year research agenda.",Generative AI,California
https://www.indeed.com/rc/clk?jk=1c3568b320d32f9a&fccid=083eb9b1733c54a5&vjs=3,"Director of AI, Innovation Lab",Sinclair Broadcast Group,"Los Angeles, CA 90024",152500,Full-time,2.8,"Strategize and implement , , solutions within the organization, utilizing your knowledge of LLM and NLP.",Generative AI,California
https://www.indeed.com/rc/clk?jk=fa2deda1abd4a672&fccid=e490ccf806951166&vjs=3,"Research Scientist, Future Product Innovation",Toyota Research Institute,"Los Altos, CA 94022",180900,Full-time,3.8,"We are a coordinated team of behavioral scientists, ML researchers, and human-computer interaction authorities and therefore this position is open to all…",Generative AI,California
https://www.indeed.com/rc/clk?jk=72fa43cb6dc03681&fccid=55ebd28e88790c63&vjs=3,Brand and Product Marketing Manager,Scaleapi,"San Francisco, CA",138000,Full-time,Not available,The brand & product marketing team owns maintaining Scale’s brand as well as partnering with our product organization to launch products across our Data Engine…,Generative AI,California
https://www.indeed.com/rc/clk?jk=750dedbe76bb73d0&fccid=d2776a31bd03907b&vjs=3,2023 Masters/PhD Residency - AI / Plant Biology,Loon,"Mountain View, CA",Not available,Full-time,Not available,"Experience with interpretable machine learning techniques for one or more of the following transfer learning, continuous learning, deep-multi-kernel learning,…",Generative AI,California
https://www.indeed.com/rc/clk?jk=798db559eacba202&fccid=30aa2c54dfe7480c&vjs=3,"Sr. Machine Learning Engineer, Study",Quizlet,"San Francisco, CA",210000,Full-time,4.8,"While you are currently permitted to work remotely in the San Francisco Bay Area, you must remain able to work in the office as business needs dictate and as…",Generative AI,California
https://www.indeed.com/rc/clk?jk=dc58f68c9e0449cd&fccid=f89deb5a97c7738a&vjs=3,Software Development Engineer 5,Adobe,"San Jose, CA 95110",210700,Full-time,4.3,"Coordinate with cross-functional teams to conduct evaluation studies with multiple iterations of , models.",Generative AI,California
https://www.indeed.com/rc/clk?jk=9bc705ecdbd13030&fccid=93d7b1a61e6d6bd9&vjs=3,Senior/Staff Software Engineer - AI,"Ironclad, Inc.","San Francisco, CA",196000,Full-time,Not available,"GPT or , , experience.,Every company, in every country, in every industry runs on contracts, but managing these contracts slows companies down and…",Generative AI,California
https://www.indeed.com/rc/clk?jk=609f868c2c5f7274&fccid=f89deb5a97c7738a&vjs=3,Machine Learning Engineer,Adobe,"San Jose, CA 95110",165350,Full-time,4.3,"Adobe is looking for a Machine Learning Engineer who will apply , and machine learning techniques to big-data problems to help Adobe better understand, lead…",Generative AI,California
https://www.indeed.com/rc/clk?jk=a9bd831822790430&fccid=5733b3d0eecaefe3&vjs=3,"Analyst, Technology Group (AI/MarTech)",Orange Silicon Valley,"San Francisco, CA 94105",137500,Not available,3,"Experience in using novel , , tools such as image and video generation, 3D environment generation, and text generation for marketing/public-facing…",Generative AI,California
https://www.indeed.com/rc/clk?jk=6d721286a558dbda&fccid=5e964c4afc56b180&vjs=3,Digital Contact Solutions Manager,PRICE WATERHOUSE COOPERS,"San Francisco, CA 94111",166500,Not available,3.9,"We focus on a collection of organisational technology capabilities, including business intelligence, data management, and data assurance that help our clients…",Generative AI,California
https://www.indeed.com/rc/clk?jk=980bfa437e912259&fccid=c267f29f0f85e8b8&vjs=3,Senior Research Engineer,NVIDIA,"Santa Clara, CA",254750,Full-time,4.2,"NVIDIA's Nemo LLM project provides building blocks to democratize , and make , , easy to develop, integrate, and deploy.",Generative AI,California
https://www.indeed.com/rc/clk?jk=4e5316c6060c6207&fccid=ec34037a9c92d805&vjs=3,Senior Data Scientist and Protein Designer,Amgen,"Remote in Thousand Oaks, CA 91362",167186.5,Full-time,4,"Pre-train, fine-tune, and apply , and predictive models.,The ideal candidate will have experience with: (i) customizing and training novel generative…",Generative AI,California
https://www.indeed.com/rc/clk?jk=20d25ac7473ee456&fccid=c5bf97a9a90251b9&vjs=3,Director of Program Management,Czinger,"Torrance, CA",197500,Full-time,Not available,"Based , design, materials, additive manufacturing, and assembly.,Czinger is seeking an experienced Director of Program Management to spearhead vehicle…",Generative AI,California
https://www.indeed.com/rc/clk?jk=8923ba131b4abf98&fccid=a5b4499d9e91a5c6&vjs=3,"Staff Software Engineer, Machine Learning, Google Cloud",Google,"Sunnyvale, CA",Not available,Full-time,4.3,"Bachelor's degree or equivalent practical experience.,8 years of experience in software development, and with data structures/algorithms.",Generative AI,California
https://www.indeed.com/rc/clk?jk=dc79d8013f0dce9e&fccid=8556861c132d2c97&vjs=3,"Machine Learning Engineer, Discovery Platform",Rarebase,"Hybrid remote in Palo Alto, CA",154000,Not available,Not available,"Proven industry experience in solving engineering problems with machine learning in application areas relevant to Rarebase, such as molecular property…",Generative AI,California
https://www.indeed.com/rc/clk?jk=1ab2d80f116cd088&fccid=be441848e77aad46&vjs=3,Designer,Rephrase.ai,"San Francisco, CA",72650,Full-time,Not available,"The successful candidate will lead a team of talented designers, collaborate with cross-functional teams, and ensure our products deliver an exceptional user…",Generative AI,California
https://www.indeed.com/rc/clk?jk=a0f345671da5a87b&fccid=43014b1412e0a7b6&vjs=3,"Staff Data Scientist, Ads Experimentation",Pinterest,"San Francisco, CA 94103",214000,Not available,4.1,"As we innovate and improve ads marketplace efficiency, we are looking for an experienced staff data scientist to improve launch decision velocity and quality…",Generative AI,California
https://www.indeed.com/rc/clk?jk=0fc807f63eb76153&fccid=7455773bace145da&vjs=3,Postdoctoral Scholar-Research Associate,USC,"Los Angeles, CA",68240,Not available,4.1,"The successful candidate will be involved in designing studies, collecting data, conducting interviews, and analyzing data from surveys, trace data (from…",Generative AI,California
https://www.indeed.com/rc/clk?jk=94a0fd0229f1b5b8&fccid=c5bf97a9a90251b9&vjs=3,Electrical Development Engineer,Czinger,"Torrance, CA",95850,Full-time,Not available,"Based , design, materials, additive manufacturing, and assembly.,We are seeking an experienced Electrical Development Engineer to join the electrical…",Generative AI,California
https://www.indeed.com/rc/clk?jk=da757195313e7262&fccid=dd616958bd9ddc12&vjs=3,Senior Full Stack Engineer,Hippocratic AI,"Palo Alto, CA",175000,Not available,Not available,"5+ Years of development experience in a production setting.,Expertise in SQL (any flavor).,Expertise in web server development (e.g. django, flask, fastapi,…",Generative AI,California
https://www.indeed.com/rc/clk?jk=f9f806d009d1f015&fccid=59867e5a232c7b5c&vjs=3,Additive Manufacturing Airframe Project/Systems Engineer,General Atomics and Affiliated Companies,"Poway, CA",162492.5,Full-time,3.7,"Support and drive the development of strategic plans for the implementation and growth of full digital , design, additive and composite manufacturing,…",Generative AI,California
https://www.indeed.com/rc/clk?jk=2ad123b327238ccf&fccid=caed318a9335aac0&vjs=3,"Senior Machine Learning Engineer - Applied AIGC, TikTok Ads Creative & Ecosystem",TikTok,"San Jose, CA",233520,Not available,3.4,Develop multi-modal pre-trained models to provide a better understanding and automatic analysis of the ad creative contents.,Generative AI,California
https://www.indeed.com/rc/clk?jk=128ccce56f4be72d&fccid=c83b406ee927ab6a&vjs=3,"Director, Technology Counsel",Mattel,"El Segundo, CA 90245",186500,Not available,4,"Comfort and aptitude in working in developing deal/legal areas, such , , and NFTs.,We create innovative products and experiences that inspire,…",Generative AI,California
https://www.indeed.com/rc/clk?jk=7629e0c474a897f6&fccid=dd616958bd9ddc12&vjs=3,Senior Machine Learning Engineer,Fizz Social Corp.,"Palo Alto, CA",170000,Full-time,Not available,"Strong understanding of machine learning techniques and algorithms (natural language processing, , ,, content recommendation).",Generative AI,California
https://www.indeed.com/rc/clk?jk=e54e4e82c1304c40&fccid=076e688f7e0c7c37&vjs=3,Staff Software Engineer - Machine Learning,ThoughtSpot,"Mountain View, CA",196000,Not available,3,"Users can search existing analytical content, or automatically create new insights, charts, and visualizations based on natural language search.",Generative AI,California
https://www.indeed.com/rc/clk?jk=d33d4f1bbaf12eca&fccid=ec34037a9c92d805&vjs=3,"Executive Director, Corporate Affairs- Operations",Amgen,"Thousand Oaks, CA 91362",279997,Full-time,4,"This role requires fluency with digital technologies and tools to deliver messages in multiple formats (social media, written communications, video, use of…",Generative AI,California
https://www.indeed.com/rc/clk?jk=4369f04821e8884b&fccid=978d9fd9799d55a8&vjs=3,GenAI Business Solutions Architect,PayPal,"San Jose, CA",165600,Full-time,3.9,"Work with development teams to ensure successful implementation and integration of , , solutions and products.",Generative AI,California
https://www.indeed.com/rc/clk?jk=87f0f284e063b9a2&fccid=ccacdb1cb7d4a077&vjs=3,Principal Deep Learning Engineer,DataRobot,"San Francisco, CA",207000,Full-time,3.3,"We are looking for talented people with excellent engineering skills and deep knowledge of machine learning who can analyze problems, design unprecedented…",Generative AI,California
https://www.indeed.com/rc/clk?jk=3e2e6589d884ff80&fccid=4453b2bdbd287ce0&vjs=3,"Product Marketing Manager, Streamlit for Work",Snowflake,"San Mateo, CA 94401",148050,Not available,3.5,"Staying attuned to trends in data science, machine learning, , ,, Python development, cloud data platforms, and related domains to inform insightful…",Generative AI,California
https://www.indeed.com/rc/clk?jk=833d95c11b512bd5&fccid=0562f887e2bed9ea&vjs=3,Principal Machine Learning Engineer (DLP),Palo Alto Networks,"Santa Clara, CA",183350,Full-time,3.8,"Apply machine learning, NLP, and deep learning methods to massive structured and unstructured data sets, classify documents, perform context analysis and…",Generative AI,California
https://www.indeed.com/rc/clk?jk=f5f3931979fd19a6&fccid=5b4ea6c0422a3b24&vjs=3,"Software Engineer, Search Infrastructure",Moveworks.ai,"Mountain View, CA",174500,Full-time,Not available,"To be successful, you'll be partnering with product, user experience, customer success and other engineering teams to identify, define and build elegant…",Generative AI,California
https://www.indeed.com/rc/clk?jk=96eb3dd895f15339&fccid=3d0f7ba22a49432f&vjs=3,Sr Software Engineer - Large Language Models,Databricks,"San Francisco, CA 94105",169000,Not available,3.1,"Developing , and embedding techniques, modern model architectures, fine tuning / pre-training datasets, and evaluation benchmarks.",Generative AI,California
https://www.indeed.com/rc/clk?jk=30677b74455e57bc&fccid=9499c4a2f5b89d76&vjs=3,Medicinal Chemist/Principal Scientist,1859,"San Diego, CA",145000,Not available,Not available,1859 is on a mission to accelerate drug discovery and deliver the next generation medicines to patients faster.,Generative AI,California
https://www.indeed.com/rc/clk?jk=9f7537c61e1d5895&fccid=a5b4499d9e91a5c6&vjs=3,"Distinguished Engineer, Advanced Data Analytics, Google Cloud",Google,"Sunnyvale, CA",Not available,Full-time,4.3,"Experience in analytics, including , ,, responsible , and real time data processing.,Bachelor’s degree in Computer Science, Engineering, a similar…",Generative AI,California
https://www.indeed.com/rc/clk?jk=478aadadec11aaa1&fccid=6f4771f8df9be0f8&vjs=3,Computer Vision Engineer,Vimaan Robotics,"San Jose, CA",Not available,Not available,Not available,"Hands on experience in developing new learning algorithms for one or more of computer vision tasks such as object detection, object tracking, instance…",Generative AI,California
https://www.indeed.com/rc/clk?jk=89844dc44b2bb121&fccid=ee5cdd82b6cc638c&vjs=3,"Senior Machine Learning Scientist, ML Research",Atomwise,"Remote in San Francisco Bay Area, CA",220000,Not available,Not available,"Atomwise is a technology-enabled pharmaceutical company leveraging the power of , to revolutionize small molecule drug discovery.",Generative AI,California
https://www.indeed.com/rc/clk?jk=90027231896ac591&fccid=c1099851e9794854&vjs=3,"Senior Software and Data Engineer - SIML, ISE",Apple,"Cupertino, CA",Not available,Not available,4.1,"Demonstrated prior experience in large language models, or , AI.,Our engineers are not afraid to manually browse the data to identify and troubleshoot…",Generative AI,California
https://www.indeed.com/rc/clk?jk=5b0e4ea7e9e5b3c0&fccid=9784ae78e9834539&vjs=3,Principal Product Manager - QuickBooks Ecosystem Foundations Team,Intuit,"Mountain View, CA 94043",Not available,Not available,4.2,"Lead a team of product managers to create tools that empower other teams to create amazing , , experiences for customers, and identify and socialize…",Generative AI,California
https://www.indeed.com/rc/clk?jk=807a80a6e27238f1&fccid=8f0d04a86e31340d&vjs=3,Strategic Finance & Investor Relations,Anthropic,"Hybrid remote in San Francisco, CA 94111",Not available,Full-time,Not available,"Stay up to date with trends in , , and the broader tech sector to inform investor discussions.,In this critical role, you will develop and execute…",Generative AI,California
https://www.indeed.com/rc/clk?jk=95d5fcbdbdfe9270&fccid=c5bf97a9a90251b9&vjs=3,Production Technician-Electrical,Czinger,"Los Angeles, CA",59000,Full-time,Not available,"Based , design, materials, additive manufacturing, and assembly.,We are seeking an experienced Electrical Technician to join the electrical engineering…",Generative AI,California
https://www.indeed.com/rc/clk?jk=aa73f35bb79fefc2&fccid=c1099851e9794854&vjs=3,"Digital Content Tools Product Manager, WW Digital Channel",Apple,"Cupertino, CA",Not available,Not available,4.1,"Knowledge in leveraging , , in products is a plus.,The WW Digital Channel team focuses on the development and growth of digital strategies across…",Generative AI,California
https://www.indeed.com/rc/clk?jk=baee933a2759a1be&fccid=04ef150429d33336&vjs=3,"Technical Director, Machine Learning (Individual Contributor)",Roblox,"San Mateo, CA 94401",412050,Not available,4.2,"We are looking for AI/ML leaders to shape the vision of low compute cost, real time machine learning at Roblox, taking leads on designing core components of…",Generative AI,California
https://www.indeed.com/rc/clk?jk=31befe0b589f604d&fccid=f3a36f726f745c17&vjs=3,"Business Intelligence Manager, Finance",Faire,"San Francisco, CA",174500,Not available,4.2,"We are looking for an experienced Business Intelligence Data Manager to scale a critically important function responsible for building and maintaining systems,…",Generative AI,California
https://www.indeed.com/rc/clk?jk=2945e770d5aea438&fccid=c267f29f0f85e8b8&vjs=3,"Senior Site Reliability Engineer, NeMo Services",NVIDIA,"Santa Clara, CA",207125,Full-time,4.2,"The NeMo Service team is responsible for building and deploying , , services, including large language models and BioNeMo - our drug discovery cloud…",Generative AI,California
https://www.indeed.com/rc/clk?jk=59701b7078dc3153&fccid=9784ae78e9834539&vjs=3,Senior Product Manager - QuickBooks Ecosystem Foundations Team,Intuit,"Mountain View, CA 94043",Not available,Not available,4.2,"Identify , , opportunities through customer research and lean qualitative and quantitative testing.,Experience working with , , or ML models…",Generative AI,California
https://www.indeed.com/rc/clk?jk=3d1b0d11824311c1&fccid=7442885bc0fa7c14&vjs=3,Sr Staff Software QA Engineer - Search Platform,ServiceNow,"Santa Clara, CA 95054",199400.5,Full-time,3.7,You'll also work cross functionally to deliver high quality software to both internal and external developers and customers.,Generative AI,California
https://www.indeed.com/rc/clk?jk=6002465a09dcf6cb&fccid=9784ae78e9834539&vjs=3,Principal Technical Program Manager - Tech Vendor Strategy,Intuit,"Mountain View, CA 94043",Not available,Not available,4.2,We are looking for a highly technical program manager to join a new team within Platform Acceleration Group’s Tech Buy Strategy team to help us ensure a…,Generative AI,California
https://www.indeed.com/rc/clk?jk=ec725c66bea9bcec&fccid=4223fc5465923571&vjs=3,Senior Account Executive,"Zero Cognitive Systems, Inc.",Remote in California,Not available,Not available,Not available,"ZERO Systems offers a platform to create, deploy, and run , , applications that can augment knowledge workers at enterprises.",Generative AI,California
https://www.indeed.com/rc/clk?jk=36710216d07a10ed&fccid=75d4d948cc21894d&vjs=3,Principal Product Designer,Altana AI,"San Francisco, CA",205000,Not available,Not available,"Experience leading , and evaluative user interviews.,Through the Atlas, companies and governments can understand the distant origins of products well…",Generative AI,California
https://www.indeed.com/rc/clk?jk=770ddf57823a01dc&fccid=81be80e07f930e93&vjs=3,"Director, Healthcare Products",C3 AI,"Redwood City, CA",205000,Not available,Not available,"As a Director, Healthcare Products, you will be building SaaS products that provide value to solve important and complex problems across healthcare: disease…",Generative AI,California
https://www.indeed.com/rc/clk?jk=b5c47bb135fcf4ff&fccid=43014b1412e0a7b6&vjs=3,"Sr. Staff Machine Learning Engineer, Monetization",Pinterest,"Hybrid remote in San Francisco, CA 94103",240000,Not available,4.1,"Experience with privacy preserved ML, large language models or , , is a plus, but not required.,In this role, you will be responsible for developing…",Generative AI,California
https://www.indeed.com/rc/clk?jk=9bf8f94bbd5b3683&fccid=c5bf97a9a90251b9&vjs=3,PLM Developer,Czinger,"Torrance, CA",95650,Full-time,Not available,"Based , design, materials, additive manufacturing, and assembly.,Czinger vehicles are embarking on the exciting journey of producing fully homologated…",Generative AI,California
https://www.indeed.com/rc/clk?jk=5ba4d32dcf815a01&fccid=189d9431c3c1e8ca&vjs=3,Next Generation AI/ML based Computer Graphics and 3D Animation Sr. Research Scientist,Sony Electronics,"San Jose, CA",155000,Full-time,4.1,"Knowledge and experiences in , models (NeRF, Diffusion Model).,This position is responsible for research and development in the areas of computer…",Generative AI,California
https://www.indeed.com/rc/clk?jk=cad6576412c3762e&fccid=5fa113e7b40ec663&vjs=3,Strategic Business Development Director,Super Micro Computer,"San Jose, CA 95131",157500,Not available,2.8,"You will work with direct corporate clients and participate in business development that would develop new project opportunities, bring back leads for our sales…",Generative AI,California
https://www.indeed.com/rc/clk?jk=1a292c24bfd7f030&fccid=ab891284bb561914&vjs=3,"Senior Principal Scientist, Machine Learning, Molecule Design and Prediction",Bristol Myers Squibb,"San Diego, CA",Not available,Not available,4.1,"Designing novel therapeutic compounds by leveraging , approaches in collaboration with medicinal chemists.,2+ years of leadership experience.",Generative AI,California
https://www.indeed.com/rc/clk?jk=e49691de2615c898&fccid=a8c706b56a92d431&vjs=3,AI/ML Workloads - Senior/Staff/Principal Research/SW Engineer,d-Matrix,"Santa Clara, CA",Not available,Full-time,Not available,"D-Matrix is addressing this problem head on by developing a fully digital in memory computing accelerator for , inference that is highly optimized for the…",Generative AI,California
https://www.indeed.com/rc/clk?jk=79b7883062416d12&fccid=fb1f5e9e30ab295d&vjs=3,Sr. Data Scientist - MI3,CHOC Children's,"Orange, CA 92868",162302.4,Full-time,4,"Prefers experience with reinforcement learning, genetic algorithms and , adversarial networks.,The Sr. Data Scientist will work in a matrix reporting…",Generative AI,California
https://www.indeed.com/rc/clk?jk=223d12420bacb1ac&fccid=90b337ecba366bc8&vjs=3,Senior Frontend Engineer,The Key,California,145500,Full-time,3.2,"Demonstrated curiosity and interest in , AI.,Our ideal candidate will have deep experience in mobile app development, but also possess a keen interest…",Generative AI,California
https://www.indeed.com/rc/clk?jk=d617ef96d9d3cd7b&fccid=9ee5c6d8daccfba4&vjs=3,"Senior Staff Engineer, Machine Learning, Display Lab",Samsung Semiconductor,"Hybrid remote in San Jose, CA",201400,Not available,3.3,"Expertise and experience in , models such as Diffusion models and/or , Adversarial Networks (GANs) is a plus.,Knowledge of C, C++ is a plus.",Generative AI,California
https://www.indeed.com/rc/clk?jk=d0c82e14c25c50ec&fccid=412249ff38c9d8af&vjs=3,Postdoctoral Scholar in Deep Learning & Medical Imaging Position,The Regents of the University of California,"Irvine, CA",Not available,Not available,3.8,"The scholar will be trained to develop and interpret , deep neural networks (DNNs) for automating tissue-based analyses, interrogating basic biological…",Generative AI,California
https://www.indeed.com/rc/clk?jk=7212a3497412a5b5&fccid=5276a1af0d9220cc&vjs=3,AI Creative Specialist,The Refinery,"Remote in Sherman Oaks, CA 91423",95000,Not available,3,"Develop and implement controls to ensure the output generated by , , tools meets our creative standards.,Dependent Care Flexible Spending Account.",Generative AI,California
https://www.indeed.com/rc/clk?jk=e102eb18970e747e&fccid=4eacfef094c1e91a&vjs=3,AI Training for Greek Writers,Scale AI,"Remote in San Francisco, CA",38376,Choose your own hours,2.3,"Work on various writing in Greek projects to train , , models.,Enrollment or completion of an undergraduate program in a humanities field or field…",Generative AI,California
https://www.indeed.com/rc/clk?jk=5709356ab5de6af3&fccid=36059381e5a120da&vjs=3,Applied AI director,Writer,Remote in California,147000,Full-time,Not available,"Weeks are tough, but weekends are sacred.,Writer is seeking an experienced and highly motivated Applied , Director to join our organization and lead our team…",Generative AI,California
https://www.indeed.com/rc/clk?jk=18c07f5d2770ef79&fccid=8e0224999c555006&vjs=3,Data Scientist Large Language Model/Generative AI,Pivotal,"Hybrid remote in San Francisco, CA 94107",171000,Full-time,3.8,"The , (Artificial Intelligence) team aims to provide best-in-class intelligence support across all steps of the investment process, from deal sourcing to exit.",Generative AI,California
https://www.indeed.com/rc/clk?jk=37f8130e08e3daeb&fccid=38eca8156471a9d2&vjs=3,Product Manager - Generative AI,Nextdoor,"San Francisco, CA",Not available,Not available,4.2,"Developing a vision and strategy for , , that ultimately drives company-level measurable outcomes.,The opportunities of , , are endless in a…",Generative AI,California
https://www.indeed.com/rc/clk?jk=4b8a6431774b6828&fccid=2c4f76a706581e7e&vjs=3,AI Developer,Lindeman & Associates,"Hybrid remote in Los Angeles, CA 90017",122500,Full-time,Not available,"Develop , agents to process key art and templates into a resizing , tool;,The primary focus of this role will be to develop tools for processing…",Generative AI,California
https://www.indeed.com/rc/clk?jk=5bb95fc289f0dedf&fccid=201993ee8e79bcf8&vjs=3,Generative AI Research Scientist,Mobius Labs,"Menlo Park, CA",Not available,Full-time,Not available,"In-depth understanding of the latest developments and trends in ,, machine learning, and , models.,You will be contributing to the advancement of the…",Generative AI,California
https://www.indeed.com/rc/clk?jk=3f809a09ccee888c&fccid=6bfc7e3b25aa05ed&vjs=3,"Software Engineer, Customer Studio Backend",Hightouch,"Remote in San Francisco, CA",205000,Not available,Not available,"Traditionally, acting on data has required engineering time and bandwidth, and left most business users stuck with charts and reports that are unable to take…",Generative AI,California
https://www.indeed.com/rc/clk?jk=856ddf1d38c96d04&fccid=38eca8156471a9d2&vjs=3,Generative AI Engineer,Nextdoor,"San Francisco, CA",178000,Not available,4.2,"Continuously monitor and improve the performance of existing , , models to enhance their effectiveness and efficiency.",Generative AI,California
https://www.indeed.com/rc/clk?jk=759706c2bbedd5ba&fccid=dd616958bd9ddc12&vjs=3,ML Engineer,Magical Tome,"San Francisco, CA",182500,Full-time,Not available,"Develop prototypes for innovative creation experiences based on , , models like GPT-3 and Stable Diffusion and drive development of those into robust…",Generative AI,California
https://www.indeed.com/rc/clk?jk=bde59885569ea80a&fccid=04dbdf832c050b8d&vjs=3,Head of AI / Machine Learning,Numerade,"Los Angeles, CA",146000,Not available,2.5,"Experience with NLP and , models, particularly in an educational context.,Drive the strategic vision, planning, and execution of our machine learning…",Generative AI,California
https://www.indeed.com/rc/clk?jk=31e6f6952aaf33a9&fccid=36059381e5a120da&vjs=3,Product specialist (aka sales assist aka inbound SDR),Writer,Remote in California,46700,Full-time,Not available,"We’re looking for a creative, empathetic, writing enthusiast who can help users at our key accounts get to the ""aha moment"" when trialing Writer to improve…",Generative AI,California
https://www.indeed.com/rc/clk?jk=f388fb9e302b53a4&fccid=7ceeabf7dfa027b9&vjs=3,Legal Operations Associate,EvenUp Inc.,"Remote in San Francisco, CA",81250,Full-time,Not available,"The more cases we evaluate, the more data we collect, the more accurate our assessments, and the more value we generate for both the injured and their attorneys…",Generative AI,California
https://www.indeed.com/rc/clk?jk=d6a3aafaeb3cde6f&fccid=7ceeabf7dfa027b9&vjs=3,Supply Operations Lead (6+ years of experience),EvenUp Inc.,"Remote in San Francisco, CA",76950,Full-time,Not available,"Our ideal candidate would have experience as a jack-of-all-trades in business operations and will have had experience building robust, actionable analytics,…",Generative AI,California
https://www.indeed.com/rc/clk?jk=0348aaff0d33e246&fccid=36059381e5a120da&vjs=3,Outbound SDR (sales development representative),Writer,Remote in California,58450,Full-time,Not available,"Weeks are tough, but weekends are sacred.,Generate pipeline from ideal customer profile accounts by thoughtfully and creatively reaching out to engage target…",Generative AI,California
https://www.indeed.com/rc/clk?jk=21532c9b60dd56f4&fccid=6e4256e6498f3651&vjs=3,Sr. AI/ML Engineer,Dealpath,"Hybrid remote in San Francisco, CA",178000,Not available,Not available,"Build robust data and ML pipelines.,You will work closely with cross-functional teams, especially product management to define and build ML solutions to enhance…",Generative AI,California
https://www.indeed.com/rc/clk?jk=50f422f50a42cbe1&fccid=36059381e5a120da&vjs=3,Product marketing manager,Writer,Remote in California,140000,Full-time,Not available,"In this strategic role, you'll build a deep understanding of the product and customer: who they are, their pain points, and how Writer solves their pain.",Generative AI,California
https://www.indeed.com/rc/clk?jk=fbc0895f481e4028&fccid=f65c645f85fd81bf&vjs=3,Content Lead,Sunrise,"San Francisco Bay Area, CA",95750,Full-time,3.6,"Understanding and use of (generative)AI tools: Familiarity with , , tools and platforms, and the ability to leverage them in content creation to…",Generative AI,California
https://www.indeed.com/rc/clk?jk=726b506fee1f2795&fccid=36059381e5a120da&vjs=3,Implementation consultant,Writer,Remote in California,86750,Full-time,Not available,"Weeks are tough, but weekends are sacred.,Our Product is adopted across an Organization so we need someone who is comfortable in a complex customer relationship…",Generative AI,California
https://www.indeed.com/rc/clk?jk=3d5a25724e798136&fccid=7ceeabf7dfa027b9&vjs=3,Customer Success Manager (2+ years of experience ),EvenUp Inc.,"Remote in San Francisco, CA",79000,Full-time,Not available,"We’ve now hired 2 all-star CSMs and are looking to bring on 1 more who can help develop customer engagement plans, execute customer growth initiatives, and…",Generative AI,California
https://www.indeed.com/rc/clk?jk=3fff86ab22c1d230&fccid=dd616958bd9ddc12&vjs=3,"Lab Technician/Research Associate, Protein Engineering",Diffuse Bio,"San Carlos, CA 94070",Not available,Full-time,Not available,"Extend and scale Diffuse's in-house deep , modeling toolkit for.,Full-time, part-time, and internships available.",Generative AI,California
https://www.indeed.com/rc/clk?jk=9c63ef4cba33cbee&fccid=d9330ddfbacbdb4f&vjs=3,Technical Writer,"Shoreline Software, Inc.","Remote in Redwood City, CA 94063",110000,Full-time,Not available,"Shoreline is helping improve availability and the customer experience while reducing toil for site reliability engineers.,Fluent in written and spoken English.",Generative AI,California
https://www.indeed.com/rc/clk?jk=fbbda6313a4af9ae&fccid=5e964c4afc56b180&vjs=3,Digital Contact Solutions Manager,PRICE WATERHOUSE COOPERS,"Los Angeles, CA",165500,Not available,3.9,"We focus on a collection of organisational technology capabilities, including business intelligence, data management, and data assurance that help our clients…",Generative AI,Los Angeles
https://www.indeed.com/rc/clk?cmp=Yami&ti=E-commerce+Manager&jk=fded4db444294258&fccid=1224bbb94d77e83a&vjs=3,Full time E-commerce Site Merchandising Manager,Yami,"Brea, CA 92821",100000,Full-time,3.3,"Assess, adopt, integrate, and use , , services to create compelling SEO-friendly content.,You will have a real impact on shaping merchandising…",Generative AI,Los Angeles
https://www.indeed.com/rc/clk?jk=5a239b8382d193e8&fccid=0cdd855568d32f57&vjs=3,"Senior Research Scientist, Generative AI",Scanline VFX,"Hybrid remote in Los Angeles, CA",Not available,Not available,3.1,"As a Senior Research Scientist, you will develop new technologies to revolutionize live-action content creation and storytelling.",Generative AI,Los Angeles
https://www.indeed.com/rc/clk?jk=0e114a9307ecdcf1&fccid=3dca16b836aab3f7&vjs=3,Mid-Market Account Executive - SoCal,Aisera,"Remote in Los Angeles, CA",Not available,Not available,Not available,"Aisera is the , , space focused on creating a ChatGPT experience for Enterprise applications.,Aisera fast tracks the digital transformation journey…",Generative AI,Los Angeles
https://www.indeed.com/rc/clk?jk=e9acf80ee94bc041&fccid=a405bb66021781c9&vjs=3,"Principal Engineer, Data Science & Operations Research",Cargomatic,"Long Beach, CA",195000,Full-time,3.3,"Build an expert network of internal & external stakeholders to drive , innovation, build an impactful roadmap and deliver measurable results.",Generative AI,Los Angeles
https://www.indeed.com/rc/clk?jk=7c597efe520866c2&fccid=a567b55ccef8e9fe&vjs=3,Applied Scientist (Neural Rendering/Vision),Flawless AI,"Santa Monica, CA",187500,Full-time,Not available,"MS or Ph.D. in Visual Computing, Computer Vision, Machine Learning, or related field.,3+ years of industry or research experience with deep learning and…",Generative AI,Los Angeles
https://www.indeed.com/rc/clk?jk=23b55431ee569c24&fccid=a567b55ccef8e9fe&vjs=3,DevOps Engineer,Flawless AI,"Los Angeles, CA",122000,Full-time,Not available,"As a DevOps Engineer, you'll be spending the majority of your time working with our VFX, Production, and Science teams in LA to ensure they have the appropriate…",Generative AI,Los Angeles
https://www.indeed.com/rc/clk?jk=1c9a59085b360cf7&fccid=a567b55ccef8e9fe&vjs=3,Applied Scientist (Image Restoration/Editing-Computer Vision),Flawless AI,"Santa Monica, CA",187500,Full-time,Not available,"MS or Ph.D. in Visual Computing, Computer Vision, Machine Learning, or related field.,3+ years of proven industry or research experience with deep learning and…",Generative AI,Los Angeles
https://www.indeed.com/rc/clk?jk=ab14271d2fdd36f8&fccid=a567b55ccef8e9fe&vjs=3,Research Scientist (Audio-3D Vision),Flawless AI,"Santa Monica, CA",250000,Full-time,Not available,"Ph.D. or Postdoctoral researcher in 3D Computer Vision, Speech Synthesis, Computer Graphics, or related field.",Generative AI,Los Angeles
https://www.indeed.com/rc/clk?jk=34f1d654c5bed924&fccid=0a23aabaebf9b9d2&vjs=3,Social Media & Community Marketing Manager,Phrasee,"Remote in Chicago, IL",92500,Full-time,Not available,"We work with visionary companies such as Sephora, Walgreens, Meta and Williams Sonoma to enhance and personalize their customer experiences across the full…",Generative AI,Chicago
https://www.indeed.com/rc/clk?jk=2a6eb9dd618c1ea5&fccid=c98b9c210fc31882&vjs=3,Marketing Specialist,MCI Group,"Remote in Chicago, IL",73900,Not available,Not available,"Familiarity with graphic design tools such as Canva and InDesign, content management systems, email marketing platforms and , , tools such as ChatGPT…",Generative AI,Chicago
https://www.indeed.com/rc/clk?jk=f191e29a0d354b31&fccid=0a23aabaebf9b9d2&vjs=3,"Senior Manager, Content Marketing",Phrasee,"Remote in Chicago, IL",140000,Full-time,Not available,"Strong curiosity for using , , tools – specifically, LLMs – to create content that meets your need for quantity and quality.,401k matching up to 3%.",Generative AI,Chicago
https://www.indeed.com/rc/clk?jk=9f0b633e3fb63970&fccid=3a71a4d2f7990a25&vjs=3,Sr. Innovation Venture Lead,Allstate,"Remote in Chicago, IL",85550,Not available,3.7,"Exploration of emerging device (e.g. smart phone) protection space that resulted in $1.4B acquisition of SquareTrade Inc.,Expert in MS Excel is required.",Generative AI,Chicago
https://www.indeed.com/rc/clk?jk=f89139fad198b6ee&fccid=41c8b8e657c4d93a&vjs=3,Legal Technologist,Paul Hastings,"Chicago, IL",110150,Not available,3.5,"Knowledge of , technology and techniques such as NLP, ML, , , technologies (e.g., ChatGPT);,This role works within the Firm's Practice Innovation and…",Generative AI,Chicago
https://www.indeed.com/rc/clk?jk=739fad437b25c6fd&fccid=3a71a4d2f7990a25&vjs=3,Sr. Innovation Data Scientist,Allstate,"Remote in Chicago, IL",121162.5,Not available,3.7,"Allstate Innovation helps drive Allstate’s future by identifying compelling business opportunities, developing selected opportunities into thriving businesses,…",Generative AI,Chicago
https://www.indeed.com/rc/clk?jk=b97b248c5c5c0f3d&fccid=bc51f56762438d6f&vjs=3,MARKETING ANALYTICS – OPEN RANK T/TT,Northwestern University,"Evanston, IL",Not available,Tenure track,4.1,"Candidates with expertise in conversational platforms, , ,, digital/social/mobile media marketing, and customer analytics using large scale data…",Generative AI,Chicago
https://www.indeed.com/rc/clk?jk=9623ad626a7dc6fc&fccid=5d1506a5df73a48e&vjs=3,Postdoctoral Appointee - Probabilistic Machine Learning,Argonne National Laboratory,"Lemont, IL 60439",Not available,Full-time,4.3,"Familiar with Information theoretic principles, , models, and ensembling UQ techniques.,The selected candidate will be building on the ongoing research…",Generative AI,Chicago
https://www.indeed.com/rc/clk?jk=28c0f041b6734367&fccid=e5b5c289543e7bff&vjs=3,Enterprise Account Executive,SambaNova Systems,"Remote in Chicago, IL",170000,Not available,Not available,"In addition, you have the ability to think strategically about the business, category, and technical challenges, with a skill-set that drives tactical execution…",Generative AI,Chicago
https://www.indeed.com/rc/clk?jk=d0616ce569c102a3&fccid=26670feb7e82cfe8&vjs=3,Product Marketing Lead,Lightricks,"Hybrid remote in Chicago, IL",159500,Not available,Not available,"You must be able to conduct meetings early morning (~8AM CST) twice weekly.*.,Lightricks' Marketing Department motivates users into action and leads activities…",Generative AI,Chicago
https://www.indeed.com/rc/clk?jk=d985cad1bd02d498&fccid=9e0ee043b361dfa5&vjs=3,Product Manager,VIATechnik,"Hybrid remote in Chicago, IL 60607",135000,Full-time,4.2,"Cirrus Studio creates software platforms and bespoke enterprise software to drive digital transformation within the Architecture, Engineering, and Construction …",Generative AI,Chicago
https://www.indeed.com/rc/clk?jk=f26b80867f9b9c02&fccid=09b1715d582ae8f8&vjs=3,"VP, Protein Design",EVOZYNE INC,"Chicago, IL 60614",143000,Full-time,Not available,"Reporting to the COO, the Head of Design will construct and implement novel approaches to model protein structure, develop structural alignment tools, and work…",Generative AI,Chicago
https://www.indeed.com/company/Bodaty/jobs/Marketing-Manager-016d36376866462b?fccid=2f045d22b5a22f72&vjs=3,Marketing Manager - CMO,Bodaty,"Hybrid remote in Naperville, IL 60563",150000,Full-time,Not available,"We are seeking a highly skilled and experienced Marketing Manager with a focus on digital marketing to join our ChatMemoir team.,A Master’s or MBA is preferred.",Generative AI,Chicago
https://www.indeed.com/rc/clk?jk=443668c1725a10e2&fccid=3243257922dae709&vjs=3,Senior Director of Public Relations and Corporate Communications (USA REMOTE),"Turnitin, LLC","Remote in Chicago, IL",147500,Full-time,3.9,You will be responsible for developing and executing comprehensive public relations and corporate communication plans that align with our business objectives…,Generative AI,Chicago
https://www.indeed.com/rc/clk?jk=96989d29004281fa&fccid=4453b2bdbd287ce0&vjs=3,"Sr. Manager, Data Science, Field CTO",Snowflake,"San Francisco Bay Area, CA",225500,Not available,3.5,"Stay current with developments in some of the most recent developments in , such as , ,, large language models, vector databases, responsible , etc.",Generative AI,San Francisco
https://www.indeed.com/rc/clk?jk=46aa12b5fcd53062&fccid=7ceeabf7dfa027b9&vjs=3,Content Marketing Manager,EvenUp Inc.,"Remote in San Francisco, CA",Not available,Full-time,Not available,"You will establish our brand presence in the legal industry by developing engaging content for our target audience to build awareness, drive customer…",Generative AI,San Francisco
https://www.indeed.com/rc/clk?jk=80ff496520d8ec5b&fccid=e5b5c289543e7bff&vjs=3,"Product Test Technician (Contractor on-site Palo Alto, CA)",SambaNova Systems,"Palo Alto, CA",62400,Full-time,Not available,"Duration: 3-6 months with the possibility of conversion to full-time employment.,Schedule: Flexible 8-hour shifts Monday through Friday between the hours of 8…",Generative AI,San Francisco
https://www.indeed.com/rc/clk?jk=139193d9b274a916&fccid=1aebed2c79e8fbcc&vjs=3,Product Design Lead,Dashworks,"San Francisco, CA",Not available,Full-time,Not available,"Work with some of the best engineers in the world from places like Google, Amazon Alexa, and Microsoft Bing to make an outsized impact toward building an…",Generative AI,San Francisco
https://www.indeed.com/rc/clk?jk=d285e7e0917c119a&fccid=38eca8156471a9d2&vjs=3,Marketing Technology & Operations Analyst,Nextdoor,"San Francisco, CA",119000,Not available,4.2,"Knowledge of , , and the potential applications within the marketing context is also a major plus.,As a Marketing Technology & Operations Analyst, you…",Generative AI,San Francisco
https://www.indeed.com/rc/clk?jk=14da16d76dc0171c&fccid=616fbc02a8ae1717&vjs=3,Sr. Graphic Designer,Sysdig,"Hybrid remote in San Francisco, CA 94105",128500,Full-time,3,"Design plays a vital role in developing the story, narrative and memorable brand experiences for our customers and prospects.,Bachelor's degree or equivalent.",Generative AI,San Francisco
https://www.indeed.com/rc/clk?jk=188e223eb6e0f854&fccid=92ecbb075afa81b2&vjs=3,Technical Content Writer,Nightfall AI,"San Francisco, CA",Not available,Not available,Not available,"Demonstrated ability to write prolifically and use , AI.,To succeed in this role you will require the ability to thrive in a highly technical and fast…",Generative AI,San Francisco
https://www.indeed.com/rc/clk?jk=a04b59b61059f229&fccid=f98eb70205204fcf&vjs=3,"Senior Staff Data Engineer, AI and MLOps",Samsung Research America,"Mountain View, CA 94043",222075,Not available,3.9,"Keep current with the fast-moving world of ,, from modeling techniques like , , to platform innovations.,Good communication and team-working skills.",Generative AI,San Francisco
https://www.indeed.com/rc/clk?jk=16a890ec966101c9&fccid=7ceeabf7dfa027b9&vjs=3,Email Marketing Manager,EvenUp Inc.,"Remote in San Francisco, CA",Not available,Full-time,Not available,"They will be responsible for making key investments in software and tooling, data sourcing and quality, scaling of campaigns, and the overall orchestration of…",Generative AI,San Francisco
https://www.indeed.com/company/saigroup/jobs/Vice-President-of-Product-Management-28b89261294014ba?fccid=49ab11d62f29fbde&vjs=3,"VP, Product Innovation",SAIGroup,"Hybrid remote in Palo Alto, CA 94304",250000,Full-time,Not available,This role will work closely with cross-functional teams to drive new incubations from inception to market introduction.,Generative AI,San Francisco
https://www.indeed.com/rc/clk?jk=2f2f17e004a65dbb&fccid=7ceeabf7dfa027b9&vjs=3,Engineering Manager,EvenUp Inc.,"Remote in San Francisco, CA",158500,Full-time,Not available,"Provide guidance, career development and mentorship support to your team.,Maintain the culture and discipline of Engineering that is directive in guidance, and…",Generative AI,San Francisco
https://www.indeed.com/rc/clk?jk=a53fd3ebb209d45c&fccid=0555014e7bce64c3&vjs=3,Machine Learning Engineer (Mobile Team),Grammarly,"Hybrid remote in San Francisco, CA 94104",256500,Not available,4.6,"Prototype and implement new mobile Grammarly features that take advantage of LLMs and , , advancements.,Disability and life insurance options.",Generative AI,San Francisco
https://www.indeed.com/rc/clk?jk=3a91ba01659d60a6&fccid=7ceeabf7dfa027b9&vjs=3,Senior and Intermediate Engineers (Frontend),EvenUp Inc.,"Remote in San Francisco, CA",139000,Full-time,Not available,"In the past year, our engineering and data science team grew to 30 members and we rolled out infrastructure updates, new products, and updates to existing…",Generative AI,San Francisco
https://www.indeed.com/rc/clk?jk=9d7a8bae18032025&fccid=7ceeabf7dfa027b9&vjs=3,Account Executive (3+ years of sales exp),EvenUp Inc.,"Remote in San Francisco, CA",Not available,Full-time,Not available,"Prospect, develop, manage sales pipeline, and close customers onto the EvenUp Platform through inbound and outbound efforts.",Generative AI,San Francisco
https://www.indeed.com/rc/clk?jk=35903f92776afaa0&fccid=dd616958bd9ddc12&vjs=3,Plugin Developer (OpenFX/After Effects),Arkavian,"Remote in San Francisco, CA",148500,Not available,Not available,"In this role, you will be responsible for implementing and maintaining our plugins in VFX software.,The things that we need you to know (Must have).",Generative AI,San Francisco
https://www.indeed.com/rc/clk?jk=5c424948265eed0b&fccid=f98eb70205204fcf&vjs=3,Staff Machine Learning Researcher,Samsung Research America,"Mountain View, CA 94043",191050,Not available,3.9,"Conduct advanced research in machine learning, , ,, computer vision, data mining, and natural language understanding.",Generative AI,San Francisco
https://www.indeed.com/rc/clk?jk=fc01aa0b3d67417f&fccid=7ceeabf7dfa027b9&vjs=3,Revenue Operations Manager,EvenUp Inc.,"Remote in San Francisco, CA",105700,Full-time,Not available,"As a Revenue Operations Manager, you will be responsible for optimizing our revenue-generating processes, aligning sales and marketing strategies, and driving…",Generative AI,San Francisco
https://www.indeed.com/rc/clk?jk=35ade54999029ea4&fccid=f2c9b2ce0e08df2b&vjs=3,Senior IT Engineer,Philo,"Remote in San Francisco, CA 94103",172000,Full-time,Not available,"Account provisioning for onboarding/offboarding of employees.,Procurement of hardware and related digital asset management.",Generative AI,San Francisco
https://www.indeed.com/rc/clk?jk=1d93c7989c2068f2&fccid=f98eb70205204fcf&vjs=3,"Senior Computational Designer, Parametric Modeling & Design",Samsung Research America,"San Francisco, CA",161225,Not available,3.9,"As a Computational Designer, you will work with diverse talents to develop , design models and algorithms to develop and validate designs by employing…",Generative AI,San Francisco
https://www.indeed.com/rc/clk?jk=4c28fe3fe0a338ee&fccid=7ceeabf7dfa027b9&vjs=3,Growth Marketing Manager,EvenUp Inc.,"Remote in San Francisco, CA",122500,Full-time,Not available,"They will be responsible for making key investments in software and tooling, data sourcing and quality, scaling of campaigns, and the overall orchestration of…",Generative AI,San Francisco
https://www.indeed.com/rc/clk?jk=e8f86500967c71d2&fccid=e5b5c289543e7bff&vjs=3,"Senior Principal Engineer, Manufacturing Quality",SambaNova Systems,"Palo Alto, CA",180000,Not available,Not available,This role is key to achieve on-time and on-quality delivery of the infrastructure hardware that is custom designed to power the AI-enabled hardware manufactured…,Generative AI,San Francisco
https://www.indeed.com/rc/clk?jk=0d90127c22b54ed3&fccid=8887bbcaf917e94f&vjs=3,PhD Residency - Applications of Foundation Models,SandboxAQ,"Remote in San Francisco, CA",140500,Not available,Not available,"We engage in deep research while maintaining close contact with the needs of the customers.,Familiarity with common AI/ML tools (TensorFlow, JAX, PyTorch, etc.)…",Generative AI,San Francisco
https://www.indeed.com/rc/clk?jk=9094954d494745c9&fccid=b8dfa016219a39de&vjs=3,Founding Engineer,Create,"San Francisco, CA 94103",152500,Full-time,3.7,"Create's customers launch fully functional software products faster than anyone else, putting their ideas in the hands of users effectively overnight.",Generative AI,San Francisco
https://www.indeed.com/rc/clk?jk=8fca564b3984feb1&fccid=3dca16b836aab3f7&vjs=3,Mid-Market Account Executive - Bay Area,Aisera,"Remote in Palo Alto, CA",Not available,Not available,Not available,"Aisera is the , , space focused on creating a ChatGPT experience for Enterprise applications.,Aisera fast tracks the digital transformation journey…",Generative AI,San Francisco
https://www.indeed.com/company/iappsdata/jobs/Senior-Quality-Assurance-Manager-9a2dff79a7acf690?fccid=cdb4db21dc7f698f&vjs=3,Sr. QA Lead,iAppsData,"South San Francisco, CA 94080",135200,Contract,Not available,"Over 15 years of experience in testing.,Strong in test automation framework preferably using ""Generative ,"" or any similar , Automation.",Generative AI,San Francisco
https://www.indeed.com/rc/clk?jk=b054a67ffffc92e9&fccid=fba1f219793d6b80&vjs=3,Head of Artificial Intelligence / Machine Learning,Robinhood,"Menlo Park, CA",236000,Not available,3.4,This role will be a critical component of the future of Robinhood and you'll work very closely with our existing Data Science and Engineering teams.,Generative AI,San Francisco
https://www.indeed.com/rc/clk?jk=3825fea20fa1a437&fccid=514d7b657bf5e771&vjs=3,"Product Management Lead, Foundational Systems",Yohana,"Hybrid remote in Palo Alto, CA",Not available,Not available,3.7,"43% of people struggle with decision-making.,66% say overload affects their work, and 62%, their interpersonal relationships.,401(k) with employer match.",Generative AI,San Francisco
https://www.indeed.com/rc/clk?jk=53f2e537143861e7&fccid=f98eb70205204fcf&vjs=3,"Senior Design Engineer, Human Factor Concepts & Design",Samsung Research America,"San Francisco, CA",161225,Not available,3.9,"The Design Engineer will be responsible for employing working knowledge of product design and human factors, and helping to develop , design concepts…",Generative AI,San Francisco
https://www.indeed.com/rc/clk?jk=d4031a4dcc3fb5aa&fccid=f9f7576fb7e7bdc4&vjs=3,Machine Learning Engineer - Simulation,DiDi Labs,"Mountain View, CA",150500,Not available,4.5,"Research and develop algorithms, e.g., ,, domain adaptation models, for simulating realistic 2D image, 3D point cloud, radar and etc.",Generative AI,San Francisco
https://www.indeed.com/rc/clk?jk=7caf6fe33e592db7&fccid=f98eb70205204fcf&vjs=3,"Senior Software Developer 3D, Computational Workflows",Samsung Research America,"San Francisco, CA",181925,Overtime,3.9,"Execute computational geometry, , geometry development to employ into the design process.,The Software Developer will work closely with designers to…",Generative AI,San Francisco
https://www.indeed.com/rc/clk?jk=15b306ea861737af&fccid=e5b5c289543e7bff&vjs=3,Senior Principal Signal Integrity Engineer,SambaNova Systems,"Palo Alto, CA",165000,Not available,Not available,SambaNova is hiring a Senior Principal Signal Integrity Engineer to review pre-layout high-speed signal paths and perform simulation and validation of the…,Generative AI,San Francisco
https://www.indeed.com/rc/clk?jk=af68bbbc48dd5eb6&fccid=7ceeabf7dfa027b9&vjs=3,Senior Accountant (3-5 years of experience),EvenUp Inc.,"Remote in San Francisco, CA",101950,Full-time,Not available,"Manage accounts receivable process workflow from beginning to end; this includes billing, payments and collection activities;",Generative AI,San Francisco
https://www.indeed.com/rc/clk?jk=67abb5ccf33fcdff&fccid=3dca16b836aab3f7&vjs=3,Enterprise Account Executive - Bay Area,Aisera,"Remote in San Francisco, CA",Not available,Not available,Not available,"Aisera is the , , space focused on creating a ChatGPT experience for Enterprise applications.,Aisera fast tracks the digital transformation journey…",Generative AI,San Francisco
https://www.indeed.com/rc/clk?jk=8161d9670cc12900&fccid=b8dfa016219a39de&vjs=3,Founding Designer,Create,"San Francisco, CA 94103",145000,Full-time,3.7,"Create's customers launch fully functional software products faster than anyone else, putting their ideas in the hands of users effectively overnight.",Generative AI,San Francisco
https://www.indeed.com/rc/clk?jk=0eba2c14bdce4e48&fccid=ab92d71c313a0a65&vjs=3,Product Manager - Experts & Artificial Intelligence,Curated,"San Francisco, CA",Not available,Not available,3.5,"Experience conceiving and delivering products powered by machine learning (ML), search & recommendations, natural language processing (NLP) and/or , AI…",Generative AI,San Francisco
https://www.indeed.com/rc/clk?jk=c10185f43bfe5801&fccid=44bb8d8a05c6f599&vjs=3,Research Engineer - Multimodal,Character.AI,"Palo Alto, CA",Not available,Full-time,4.2,"Have experience with , models for various modalities.,We’re looking for scrappy and self-motivated people who have full-stack machine learning skills:…",Generative AI,San Francisco
https://www.indeed.com/rc/clk?jk=ba5f975dfc58e03e&fccid=e5b5c289543e7bff&vjs=3,Systems Administrator,SambaNova Systems,"Palo Alto, CA",125000,Not available,Not available,"Your work will directly impact employees, customers, our brand, and our ability to empower customers.,This job opens pathways for high growth but requires a…",Generative AI,San Francisco
https://www.indeed.com/rc/clk?jk=1159bda5377f5bbe&fccid=e206b323258dadff&vjs=3,Growth Marketing Lead,Fitmate Coach,"San Francisco, CA",137000,Full-time,Not available,"Our unique solution tackles people’s main problem of staying motivated, by combining human coaches (on tasks that can’t be automated) alongside automation tools…",Generative AI,San Francisco
https://www.indeed.com/rc/clk?jk=9f3c53688456691b&fccid=cccf779f6530a5d3&vjs=3,HC Account Executive,Hyro,"Oakland, CA",250000,Not available,Not available,"Hyro’s conversational , platform turns complex data into simple dialogue by leveraging the most exciting natural language understanding frontiers including…",Generative AI,San Francisco
https://www.indeed.com/rc/clk?jk=f45fa5b3a9d7a0ce&fccid=e5b5c289543e7bff&vjs=3,Senior ASIC Design Automation Engineer,SambaNova Systems,"Palo Alto, CA",125000,Not available,Not available,"SambaNova is hiring a Senior ASIC Design Automation Engineer.,Implement, document, and deploy design automation tools to support the chip development process.",Generative AI,San Francisco
